Slot  #,Requester    ID,Responder  ID,Pii ,Chan.,Antenna  Mode,Req.  Data,Rsp.  Data,Type,Sleep,Manual  Time  (ms),Minimum  Time  (ms)
0,101,102,5,0,Antenna  B,1,1,Data,6,4500,0
1,306,106,5,6,Antenna  B,1,1,Range,1,10500,0
2,306,306,5,0,Antenna  B,1,1,Data,6,10500,0
3,306,101,5,1,Antenna  B,1,1,Range,1,10500,0
4,306,306,5,0,Antenna  B,1,1,Data,6,10500,0
5,306,102,5,2,Antenna  B,1,1,Range,1,10500,0
6,306,306,5,0,Antenna  B,1,1,Data,6,10500,0
7,306,103,5,3,Antenna  B,1,1,Range,1,10500,0
8,306,306,5,0,Antenna  B,1,1,Data,6,10500,0
9,306,104,5,4,Antenna  B,1,1,Range,1,10500,0
10,306,306,5,0,Antenna  B,1,1,Data,6,10500,0
11,306,105,5,5,Antenna  B,1,1,Range,1,10500,0
12,306,306,5,0,Antenna  B,1,1,Data,6,10500,0
